head,true_bep_freq,predicted_bep_freq,bep_error,max_proxy_value
8,40.8,44.69387755102041,3.8938775510204096,8436809.546452008
10,42.0,42.244897959183675,0.24489795918367463,7183135.036787153
12,43.2,43.46938775510204,0.26938775510203783,6261362.373327246
