head,true_bep_freq,predicted_bep_freq,bep_error,max_proxy_value
20,35.0,36.42857142857143,1.4285714285714306,4273566.062680661
30,45.0,45.0,0.0,3549687.6894557974
40,55.0,55.714285714285715,0.7142857142857153,2576782.9432744137
