head,r_squared_true_eff,r_squared_normalized_eff,correlation_true_eff,correlation_normalized_eff,p_value_true_eff
8,0.7293474194096059,0.7293474194096059,0.8540183952407617,0.8540183952407617,3.179175793550675e-15
10,0.7422615776839592,0.7422615776839592,0.8615460392132038,0.8615460392132036,9.752400973303072e-16
12,0.7995457041833605,0.7995457041833605,0.8941731958537787,0.8941731958537787,2.258669351837596e-18
