head,method,mean_error,std_error,success_rate_2hz,mean_convergence_iter,mean_final_efficiency,n_trials
8,TPE,2.5860350202587554,0.6161809742816431,0.2857142857142857,35.0,0.7639380030666295,7
12,TPE,1.6211632143262926,0.9085510578016709,0.42857142857142855,35.0,0.7956710440336463,7
16,TPE,1.6633396040148583,0.9751316123732707,0.42857142857142855,29.285714285714285,0.8117557012624159,7
20,TPE,1.5052096604006329,0.8583584827773603,0.7142857142857143,35.0,0.7796632635826537,7
8,ESC,3.232753608689276,0.8577433968782775,0.14285714285714285,35.0,0.7567802320888425,7
12,ESC,2.357519999999998,0.94507338883587,0.42857142857142855,28.0,0.7948394747588602,7
16,ESC,2.4428681614239127,0.6968528589564446,0.14285714285714285,35.0,0.809719439004409,7
20,ESC,2.1728561023401634,0.6911693841739509,0.42857142857142855,28.714285714285715,0.7794062397614097,7
